id,title_en,title_ta,title_te,title_te_translit,title_ta_translit,language,category,key,bpm,composer,artist,songbook_name,songbook_number,lyrics_language,lyrics,translit_lyrics
song-aayane-naa-sangeethamu,He Is My Song,ஆயநே நா ஸம்கீதமு,ఆయనే నా సంగీతము,Aayane Naa Sangeethamu,,Telugu,Praise,,,,,Joyful Journey,121,te,"[Chorus]
ఆయనే నా సంగీతము బలమైన కోటయును
జీవాధిపతియు ఆయనే
జీవిత కాలమెల్ల స్తుతించెదము ||ఆయనే||

[Verse 1]
స్తుతుల మధ్యలో నివాసం చేసి
దూతలెల్ల పొగడే దేవుడాయనే (2)
వేడుచుండు భక్తుల స్వరము విని
దిక్కు లేని పిల్లలకు దేవుడాయనే (2) ||ఆయనే||

[Verse 2]
ఇద్దరు ముగ్గురు నా నామమున
ఏకీభవించిన వారి మధ్యలోన (2)
ఉండెదననిన మన దేవుని
కరములు తట్టి నిత్యం స్తుతించెదము (2) ||ఆయనే||

[Verse 3]
సృష్టికర్త క్రీస్తు యేసు నామమున
జీవిత కాలమెల్ల కీర్తించెదము (2)
రాకడలో ప్రభుతో నిత్యముందుము
మ్రొక్కెదము స్తుతించెదం పొగడెదము (2) ||ఆయనే||","[Chorus]
Aayane naa sangeethamu balamaina kotayanu
Jeevaadhipathiyu aayane
Jeevitha kaalamella sthuthinchedamu ||Aayane||

[Verse 1]

[Verse 2]
Iddaru Mugguru Naa Naamamuna
Ekeebhavinchina Vaari Madhyalona (2)
Undedananina Mana Devuni
Karamulu Tatti Nityan Stutinchedamu (2) ||Aayane||

[Verse 3]
Srishtikarta Kreestu Yesu Naamamuna
Jeevita Kaalamella Keertinchedamu (2)
Raakadalo Prabhuto Nityamundumu
Mrokkedamu Stutinchedan Pogadedamu (2) ||Aayane||"
song-amazing-grace,Amazing Grace,அதிசய கிருபையே,ఆశ్చర్యకరమైన కృప,Aashcharyakaramaina Kripa,,Multi,Hymn,G,72,John Newton,ACI Worship Team,,,en,"[Verse 1]
Amazing grace, how sweet the sound
That saved a wretch like me
I once was lost, but now am found
Was blind but now I see

[Verse 2]
'Twas grace that taught my heart to fear
And grace my fears relieved
How precious did that grace appear
The hour I first believed","[Verse 1]
Aamashing Grache, How Sweet The Sound
That Saved A Wretchh Like Me
Ee Onche Was Lost, But Now Am Found
Was Blind But Now Ee See

[Verse 2]
'Twas Grache That Taught My Heart To Fear
Aand Grache My Fears Relieved
How Prechious Did That Grache Appear
The Hour Ee First Believed"
